Country name,Region,Score 2016,Score 2017,Score 2018,Score 2019,Score 2020,Healthy life expectancy 2016,Healthy life expectancy 2017,Healthy life expectancy 2018,Healthy life expectancy 2019,Healthy life expectancy 2020,Freedom to make life choices 2016,Freedom to make life choices 2017,Freedom to make life choices 2018,Freedom to make life choices 2019,Freedom to make life choices 2020,Generosity 2016,Generosity 2017,Generosity 2018,Generosity 2019,Generosity 2020,Perceptions of corruption 2016,Perceptions of corruption 2017,Perceptions of corruption 2018,Perceptions of corruption 2019,Perceptions of corruption 2020,name,Longitude,Latitude
Finland,Western Europe,7.412999999999999,7.468999862670901,7.632000000000001,7.769,7.808700085,0.81091,0.80915766954422,0.8740000000000001,0.986,0.961271405,0.57104,0.6179508566856379,0.6809999999999999,0.596,0.66231674,0.25492,0.24548277258873,0.20199999999999999,0.153,-0.059482019000000004,0.41003999999999996,0.38261154294014,0.39299999999999996,0.39299999999999996,0.19544458399999998,Finland,26.274665600000002,64.49884603
Denmark,Western Europe,7.526,7.52199983596802,7.555,7.6,7.645599842,0.79504,0.7925655245780941,0.868,0.996,0.979332566,0.5794100000000001,0.626006722450256,0.6829999999999999,0.5920000000000001,0.665039897,0.36171,0.3552804887294771,0.284,0.252,0.06620177599999999,0.44453000000000004,0.40077006816863997,0.408,0.41,0.168489456,Denmark,10.02800992,55.98125296
Switzerland,Western Europe,7.5089999999999995,7.49399995803833,7.487,7.48,7.559899807000001,0.86303,0.858131289482117,0.927,1.052,1.040533185,0.58557,0.620070576667786,0.66,0.5720000000000001,0.62895447,0.28083,0.29054927825927696,0.256,0.263,0.105911039,0.41203,0.36700728535652205,0.35700000000000004,0.34299999999999997,0.303728431,Switzerland,8.20867471,46.79785878
Iceland,Western Europe,7.501,7.50400018692017,7.495,7.494,7.504499912000001,0.8673299999999999,0.8335521221160892,0.914,1.026,1.000843406,0.56624,0.6271626353263849,0.677,0.591,0.661980748,0.47678000000000004,0.47554022073745705,0.353,0.354,0.246944219,0.14975,0.15352655947208402,0.138,0.11800000000000001,0.7117097379999999,Iceland,-18.57396167,64.99575386
Norway,Western Europe,7.497999999999999,7.537000179290769,7.593999999999999,7.553999999999999,7.487999916000001,0.79579,0.796666502952576,0.861,1.028,1.0080718990000002,0.59609,0.635422587394714,0.6859999999999999,0.603,0.670200884,0.37895,0.36201223731041,0.28600000000000003,0.271,0.13453263,0.35775999999999997,0.31596383452415505,0.34,0.341,0.26321819399999996,Norway,15.34834656,68.75015572
Netherlands,Western Europe,7.3389999999999995,7.3769998550415,7.441,7.4879999999999995,7.448900223,0.8123100000000001,0.8106961250305179,0.878,0.9990000000000001,0.9756753440000001,0.55211,0.5853844881057739,0.638,0.557,0.61362648,0.47416,0.47048982977867104,0.33299999999999996,0.322,0.20761244,0.29927,0.282661825418472,0.295,0.298,0.364717126,Netherlands,5.28144793,52.100789899999995
Sweden,Western Europe,7.291,7.28399991989136,7.314,7.343,7.353499889,0.83121,0.830875158309937,0.9129999999999999,1.0090000000000001,0.9864704609999999,0.58218,0.612924098968506,0.659,0.574,0.6502977010000001,0.38254,0.38539925217628496,0.285,0.267,0.111614622,0.40867,0.384398728609085,0.38299999999999995,0.373,0.250880182,Sweden,16.74558049,62.77966519
New Zealand,Australia and New Zealand,7.334,7.31400012969971,7.324,7.307,7.2996001239999995,0.83096,0.816759705543518,0.8759999999999999,1.026,1.008138299,0.5814699999999999,0.6140621304512021,0.669,0.585,0.646789908,0.49401000000000006,0.500005125999451,0.365,0.33,0.191598073,0.41903999999999997,0.38281670212745705,0.389,0.38,0.22113885,New Zealand,171.4849235,-41.81113557
Austria,Western Europe,7.119,7.00600004196167,7.138999999999999,7.246,7.294199944,0.80565,0.8153284192085269,0.8909999999999999,1.016,1.000933528,0.54355,0.567766189575195,0.617,0.532,0.6033688779999999,0.32865,0.316472321748734,0.242,0.244,0.085429221,0.21348000000000003,0.22106036543846105,0.22399999999999998,0.226,0.49995487899999996,Austria,14.1264761,47.58549439
Luxembourg,Western Europe,6.871,6.86299991607666,6.91,7.09,7.2375001910000005,0.8454200000000001,0.845089495182037,0.8959999999999999,1.012,0.986442685,0.5487,0.59662789106369,0.632,0.526,0.610137045,0.27571,0.283180981874466,0.196,0.19399999999999998,-0.004620588,0.35329,0.31883442401886,0.321,0.316,0.367084295,Luxembourg,6.07182201,49.76725361
Canada,North America,7.404,7.31599998474121,7.327999999999999,7.278,7.23210001,0.8276,0.83455765247345,0.8959999999999999,1.0390000000000001,1.022501945,0.5737,0.611100912094116,0.653,0.584,0.644028127,0.44833999999999996,0.435539722442627,0.321,0.285,0.124770768,0.31329,0.287371516227722,0.29100000000000004,0.308,0.390843362,Canada,-98.30777028,61.36206324
Australia,Australia and New Zealand,7.313,7.28399991989136,7.272,7.228,7.222799778,0.8512,0.84388679265976,0.91,1.036,1.022607684,0.5683699999999999,0.601607382297516,0.647,0.557,0.621877193,0.47407,0.47769924998283403,0.361,0.332,0.19046016,0.32331,0.301183730363846,0.302,0.29,0.41516912,Australia,134.49100009999998,-25.73288704
United Kingdom,Western Europe,6.725,6.71400022506714,7.19,7.053999999999999,7.164500237,0.80991,0.805335938930511,0.888,0.996,0.97570008,0.50036,0.508190035820007,0.46399999999999997,0.45,0.525168657,0.50156,0.492774158716202,0.262,0.348,0.263732493,0.27399,0.265428066253662,0.08199999999999999,0.278,0.43591591700000004,United Kingdom,-2.86563164,54.12387156
Israel,Middle East and Northern Africa,7.267,7.212999820709231,6.814,7.138999999999999,7.128600121,0.8491700000000001,0.83840399980545,0.883,1.0290000000000001,1.008052945,0.36432,0.40598860383033797,0.5329999999999999,0.371,0.42069947700000004,0.32288,0.330082654953003,0.354,0.261,0.10259372,0.08728,0.0852421000599861,0.272,0.08199999999999999,0.78085506,Israel,35.00444693,31.46110101
Costa Rica,Latin America and Caribbean,7.087000000000001,7.0789999961853,7.072,7.167000000000001,7.121399879,0.76146,0.7595092654228209,0.8170000000000001,0.963,0.9396353359999999,0.55225,0.580131649971008,0.632,0.5579999999999999,0.6450177429999999,0.22553,0.21461322903633104,0.14300000000000002,0.14400000000000002,-0.10242971,0.10547000000000001,0.100106589496136,0.10099999999999999,0.09300000000000001,0.7863324279999999,Costa Rica,-84.19208768,9.97634464
Ireland,Western Europe,6.907,6.9770002365112305,6.977,7.021,7.093699932000001,0.81455,0.8097826242446899,0.8759999999999999,0.9990000000000001,0.975670695,0.54008,0.5731103420257571,0.614,0.516,0.587779939,0.44963000000000003,0.42785832285881,0.307,0.298,0.145784974,0.29754,0.29838815331459007,0.306,0.31,0.357184172,Ireland,-8.13793569,53.17544870000001
Germany,Western Europe,6.994,6.9510002136230495,6.965,6.985,7.075799942000001,0.81487,0.798950731754303,0.861,0.987,0.9721148009999999,0.53466,0.562511384487152,0.586,0.495,0.564274132,0.30451999999999996,0.33626917004585305,0.273,0.261,0.08017938599999999,0.28551,0.276731938123703,0.28,0.265,0.456422031,Germany,10.38578051,51.10698181
United States,North America,7.104,6.993000030517581,6.886,6.892,6.939599991000001,0.779,0.7742866277694699,0.8190000000000001,0.8740000000000001,0.831618011,0.48163,0.505740523338318,0.547,0.45399999999999996,0.534608245,0.41076999999999997,0.392578780651093,0.29100000000000004,0.28,0.149891734,0.14868,0.135638788342476,0.133,0.128,0.6997153159999999,United States,-112.46167369999999,45.6795472
Belgium,Western Europe,6.928999999999999,6.89099979400635,6.9270000000000005,6.922999999999999,6.863500117999999,0.8195899999999999,0.8180918693542479,0.894,0.986,0.964901149,0.51354,0.5397707223892211,0.583,0.473,0.499805421,0.2424,0.23150333762168898,0.188,0.16,-0.078691199,0.26248,0.251343131065369,0.24,0.21,0.612297952,Belgium,4.64065114,50.63981576
United Arab Emirates,Middle East and Northern Africa,6.5729999999999995,6.6479997634887695,6.774,6.825,6.790800095,0.72993,0.726798236370087,0.67,0.825,0.787814438,0.56215,0.60834527015686,0.284,0.598,0.652936101,0.26591,0.3609419465065,0.18600000000000003,0.262,0.123450845,0.35561,0.324489563703537,,0.182,0.594502211,United Arab Emirates,54.300167099999996,23.90528188
Malta,Western Europe,6.4879999999999995,6.52699995040894,6.627000000000001,6.726,6.772799968999999,0.80315,0.821944236755371,0.884,0.9990000000000001,0.9720420240000001,0.54994,0.588767051696777,0.645,0.564,0.633239031,0.56237,0.5747305750846861,0.376,0.375,0.214965805,0.17554,0.153066068887711,0.142,0.151,0.658547282,Malta,14.40523316,35.92149632
France,Western Europe,6.478,6.44199991226196,6.489,6.5920000000000005,6.663799762999999,0.83795,0.8444658517837521,0.9079999999999999,1.045,1.029714227,0.46562,0.470222115516663,0.52,0.436,0.5140509010000001,0.1216,0.129762306809425,0.098,0.111,-0.130641967,0.17808,0.172502428293228,0.17600000000000002,0.183,0.583521128,France,-2.76172945,42.17344011
Mexico,Latin America and Caribbean,6.778,6.57800006866455,6.4879999999999995,6.595,6.465000152999999,0.71143,0.709978997707367,0.7609999999999999,0.861,0.831601024,0.37709000000000004,0.412730008363724,0.479,0.433,0.553892553,0.11735,0.12099043279886199,0.069,0.07400000000000001,-0.175266623,0.18355,0.132774114608765,0.095,0.073,0.806821585,Mexico,-102.5234517,23.94753724
Uruguay,Latin America and Caribbean,6.545,6.4539999961853,6.379,6.292999999999999,6.440100192999999,0.72183,0.719216823577881,0.7709999999999999,0.8909999999999999,0.856928885,0.54388,0.5793922543525699,0.625,0.523,0.59426707,0.18056,0.175096929073334,0.13,0.127,-0.101103112,0.21394000000000002,0.17806187272071802,0.155,0.15,0.635994136,Uruguay,-56.01807053,-32.79951534
Saudi Arabia,Middle East and Northern Africa,6.379,6.343999862670901,6.371,6.375,6.406499863,0.59267,0.590148329734802,0.633,0.795,0.759818137,0.37904,0.449750572443008,0.509,0.439,0.548477471,0.15457,0.147616013884544,0.098,0.08,-0.16869506199999998,0.30008,0.27343225479126004,0.127,0.132,0.682619512,Saudi Arabia,44.53686271,24.12245841
Spain,Western Europe,6.361000000000001,6.40299987792969,6.31,6.354,6.4008998870000005,0.8789600000000001,0.888960599899292,0.965,1.062,1.051343083,0.37545,0.408781230449677,0.449,0.36200000000000004,0.425983816,0.17665,0.190133571624756,0.142,0.153,-0.050961714000000005,0.06137000000000001,0.0709140971302986,0.07400000000000001,0.079,0.765859902,Spain,-3.64755047,40.24448698
Guatemala,Latin America and Caribbean,6.324,6.4539999961853,6.382000000000001,6.436,6.398900032,0.5403899999999999,0.540239989757538,0.608,0.746,0.705952585,0.50379,0.5313106179237371,0.604,0.535,0.613146722,0.28808,0.283488392829895,0.179,0.175,-0.042938665,0.08701,0.0772232785820961,0.071,0.078,0.783237457,Guatemala,-90.36482009,15.69403664
Italy,Western Europe,5.977,5.96400022506714,6.0,6.223,6.38740015,0.8510200000000001,0.8531443476676941,0.946,1.0390000000000001,1.0225049259999999,0.18827,0.256450712680817,0.281,0.231,0.321305573,0.16684000000000002,0.17278964817523998,0.13699999999999998,0.158,-0.04346099900000001,0.02556,0.0280280914157629,0.027999999999999997,0.03,0.873404682,Italy,12.07001339,42.79662641
Singapore,Southeastern Asia,6.739,6.57200002670288,6.343,6.2620000000000005,6.377099991000001,0.94719,0.9494923949241642,1.008,1.141,1.137814283,0.4877,0.549840569496155,0.631,0.556,0.635317206,0.32706,0.345965981483459,0.261,0.271,0.029879224,0.46986999999999995,0.46430778503417997,0.457,0.45299999999999996,0.109784193,Singapore,103.8172559,1.35876087
Brazil,Latin America and Caribbean,6.952000000000001,6.6350002288818395,6.419,6.3,6.375599861,0.61415,0.6165523529052729,0.675,0.802,0.766119063,0.40425,0.437453746795654,0.493,0.39,0.483292729,0.15775999999999998,0.16234989464282998,0.11,0.099,-0.10181239199999999,0.14165999999999998,0.11109276115894301,0.08800000000000001,0.086,0.7706012729999999,Brazil,-53.09783113,-10.78777702
Slovenia,Central and Eastern Europe,5.768,5.75799989700317,5.9479999999999995,6.117999999999999,6.363399982000001,0.79151,0.7908282279968258,0.856,0.953,0.932548046,0.53164,0.572575807571411,0.633,0.564,0.646700144,0.25738,0.242649093270302,0.16,0.14400000000000002,-0.080603383,0.03635,0.0451289787888527,0.051,0.057,0.817071021,Slovenia,14.80444238,46.11554772
El Salvador,Latin America and Caribbean,6.068,6.002999782562259,6.167000000000001,6.252999999999999,6.34829998,0.596,0.596018552780151,0.639,0.789,0.752730012,0.37269,0.432452529668808,0.461,0.43,0.5240439179999999,0.08877,0.0782579854130745,0.065,0.09300000000000001,-0.12107297800000001,0.10613,0.0899809598922729,0.08199999999999999,0.07400000000000001,0.754319906,El Salvador,-88.87164469,13.73943744
Kosovo,Central and Eastern Europe,5.401,5.27899980545044,5.662000000000001,6.1,6.325200081,0.54,0.541452050209045,0.578,0.758,0.672709167,0.14396,0.260287940502167,0.44799999999999995,0.489,0.557280421,0.27992,0.319931447505951,0.27399999999999997,0.262,0.19093376399999998,0.06547,0.0574716180562973,0.023,0.006,0.922328293,Kosovo,20.87249811,42.57078707
Panama,Latin America and Caribbean,6.7010000000000005,6.4520001411438,6.43,6.321000000000001,6.304800033999999,0.70835,0.706156134605408,0.759,0.91,0.878546536,0.48927,0.550026834011078,0.597,0.516,0.57984978,0.2418,0.21055693924427,0.125,0.109,-0.153927714,0.08423,0.070983923971653,0.063,0.054000000000000006,0.851588905,Panama,-80.11915156,8.51750797
Slovakia,Central and Eastern Europe,6.077999999999999,6.09800004959106,6.172999999999999,6.1979999999999995,6.280600071,0.70367,0.712732911109924,0.7759999999999999,0.8809999999999999,0.853465259,0.23390999999999998,0.295817464590073,0.354,0.33399999999999996,0.423542529,0.13837,0.136544480919838,0.11800000000000001,0.121,-0.12440930300000001,0.02947,0.0242108516395092,0.013999999999999999,0.013999999999999999,0.918096125,Slovakia,19.47905218,48.70547528
Uzbekistan,Central and Eastern Europe,5.987,5.97100019454956,6.096,6.1739999999999995,6.257599831,0.50163,0.498272627592087,0.605,0.7559999999999999,0.716703713,0.60848,0.6582486629486078,0.7240000000000001,0.631,0.6932703259999999,0.34326,0.41598364710807795,0.32799999999999996,0.322,0.248427153,0.28333,0.246528223156929,0.259,0.24,0.501497388,Uzbekistan,63.14001528,41.75554225
Chile,Latin America and Caribbean,6.705,6.65199995040894,6.476,6.444,6.228499889,0.8188300000000001,0.8194797039031979,0.8079999999999999,0.92,0.889260828,0.37789,0.376895278692245,0.431,0.35700000000000004,0.41748222700000004,0.31595,0.3266624212265011,0.19699999999999998,0.187,-0.065668367,0.11450999999999999,0.0822879821062088,0.061,0.055999999999999994,0.838239431,Chile,-71.38256213,-37.73070989
Bahrain,Middle East and Northern Africa,6.218,6.08699989318848,6.105,6.199,6.227300167,0.65696,0.653133034706116,0.698,0.871,0.838836372,0.47375,0.536746919155121,0.594,0.536,0.610399902,0.17147,0.17266848683357197,0.243,0.255,0.13372919,0.25772,0.257042169570923,0.12300000000000001,0.11,0.7393470999999999,Bahrain,50.54196932,26.04205135
Lithuania,Central and Eastern Europe,5.813,5.90199995040894,5.952000000000001,6.149,6.215499877999999,0.64674,0.62894994020462,0.716,0.818,0.795421183,0.18929,0.234231784939766,0.35,0.29100000000000004,0.42046079,0.02025,0.010164656676352,0.026000000000000002,0.043,-0.21972529600000001,0.0182,0.0118656428530812,0.006,0.042,0.809583843,Lithuania,23.88719355,55.32610984
Poland,Central and Eastern Europe,5.835,5.97300004959106,6.122999999999999,6.182,6.1862998010000005,0.69058,0.699475347995758,0.7809999999999999,0.884,0.868038476,0.4519,0.520342111587524,0.546,0.483,0.557903528,0.14443,0.158465966582298,0.10800000000000001,0.11699999999999999,-0.205084071,0.055,0.0593078061938286,0.064,0.05,0.6869270209999999,Poland,19.39012835,52.12759564
Colombia,Latin America and Caribbean,6.481,6.35699987411499,6.26,6.125,6.163400172999999,0.59659,0.595027923583984,0.635,0.841,0.8100201490000001,0.44735,0.47748741507530196,0.531,0.47,0.526890039,0.15625999999999998,0.14901447296142598,0.099,0.099,-0.161235645,0.053989999999999996,0.0466687418520451,0.039,0.034,0.86457181,Colombia,-73.08114582,3.91383431
Cyprus,Western Europe,5.546,5.62099981307983,5.7620000000000005,6.046,6.15899992,0.8488,0.84471470117569,0.909,1.042,1.0261245970000001,0.29507,0.35511153936386103,0.423,0.406,0.45938587200000003,0.27906,0.271254301071167,0.20199999999999999,0.19,0.043731495999999995,0.05227999999999999,0.0412379764020443,0.035,0.040999999999999995,0.8562717440000001,Cyprus,33.0060022,34.91667211
Nicaragua,Latin America and Caribbean,5.992000000000001,6.07100009918213,6.141,6.105,6.13710022,0.65213,0.6530959606170649,0.7,0.835,0.803093255,0.46581999999999996,0.447551846504211,0.527,0.435,0.560117304,0.29773,0.301674216985703,0.20800000000000002,0.2,0.020959141,0.16292,0.130687981843948,0.128,0.127,0.665950119,Nicaragua,-85.0305297,12.84709429
Romania,Central and Eastern Europe,5.528,5.824999809265139,5.945,6.07,6.123700142000001,0.67602,0.6851583123207089,0.726,0.825,0.79229486,0.36712,0.457003742456436,0.528,0.462,0.534852326,0.12889,0.133519917726517,0.08800000000000001,0.083,-0.19781521,0.006790000000000001,0.0043879006989300294,0.001,0.005,0.9343002440000001,Romania,24.97293039,45.85243127
Kuwait,Middle East and Northern Africa,6.239,6.10500001907349,6.082999999999999,6.021,6.102099895,0.63569,0.6321057081222529,0.675,0.8079999999999999,0.776468933,0.43166000000000004,0.49633759260177596,0.5539999999999999,0.493,0.5702614189999999,0.15965,0.228289797902107,0.16699999999999998,0.142,-0.100184701,0.23669,0.21515955030918102,0.106,0.09699999999999999,0.7608490590000001,Kuwait,47.58700459,29.33431262
Mauritius,Sub-Saharan Africa,5.648,5.62900018692017,5.891,5.888,6.101299762999999,0.66189,0.6380074620246889,0.684,0.7979999999999999,0.7633894090000001,0.46145,0.491247326135635,0.584,0.498,0.590838134,0.36951,0.360933750867844,0.245,0.215,-0.018318573,0.05202999999999999,0.0421815551817417,0.05,0.06,0.8053430909999999,Mauritius,57.57120551,-20.27768704
Kazakhstan,Central and Eastern Europe,5.919,5.8189997673034695,5.79,5.809,6.0578999520000005,0.57386,0.6060415506362921,0.631,0.7290000000000001,0.6987889409999999,0.4052,0.43745428323745705,0.45399999999999996,0.41,0.497432142,0.15011,0.20196442306041698,0.14800000000000002,0.146,-0.068488635,0.11132,0.11928288638591802,0.121,0.096,0.7644908429999999,Kazakhstan,67.29149357,48.15688067
Estonia,Central and Eastern Europe,5.517,5.61100006103516,5.739,5.893,6.0218000410000005,0.68098,0.695168316364288,0.737,0.8740000000000001,0.842615008,0.41511000000000003,0.479131430387497,0.5529999999999999,0.495,0.576664805,0.08423,0.0988908112049103,0.086,0.10300000000000001,-0.111697771,0.18519000000000002,0.18324892222881303,0.174,0.161,0.623073816,Estonia,25.54248537,58.67192972
Philippines,Southeastern Asia,5.279,5.42999982833862,5.524,5.631,6.006000042,0.47036000000000006,0.46800905466079706,0.513,0.657,0.602189481,0.5485399999999999,0.585214674472809,0.643,0.5579999999999999,0.6219151620000001,0.21674000000000002,0.193513423204422,0.12,0.11699999999999999,-0.105463006,0.11757000000000001,0.0993318930268288,0.105,0.107,0.7336341140000001,Philippines,122.8839325,11.77536778
Hungary,Central and Eastern Europe,5.145,5.32399988174438,5.62,5.757999999999999,6.000400066,0.67608,0.6877634525299069,0.732,0.828,0.806793869,0.1977,0.17586351931095098,0.259,0.19899999999999998,0.386401802,0.099,0.0784016624093056,0.061,0.081,-0.19432301800000001,0.044719999999999996,0.0366369374096394,0.022000000000000002,0.02,0.892916501,Hungary,19.39559116,47.16277506
Thailand,Southeastern Asia,6.474,6.4239997863769505,6.072,6.007999999999999,5.9987998010000005,0.64915,0.647239029407501,0.7070000000000001,0.828,0.7938558459999999,0.49553,0.580200731754303,0.637,0.557,0.609449804,0.58696,0.572123110294342,0.364,0.359,0.268685192,0.02833,0.0316127352416515,0.028999999999999998,0.027999999999999997,0.8862723109999999,Thailand,101.0028813,15.11815794
Argentina,Latin America and Caribbean,6.65,6.59899997711182,6.388,6.086,5.974699974,0.69711,0.695137083530426,0.7440000000000001,0.8809999999999999,0.849773705,0.42283999999999994,0.49451920390129106,0.57,0.47100000000000003,0.520840347,0.10989000000000002,0.109457060694695,0.062,0.066,-0.194913864,0.07296,0.05973988771438599,0.054000000000000006,0.05,0.8420098420000001,Argentina,-65.17980692,-35.3813488
Honduras,Latin America and Caribbean,4.871,5.1810002326965305,5.504,5.86,5.953199862999999,0.5838300000000001,0.582569479942322,0.622,0.828,0.791989982,0.26755,0.348079860210419,0.45899999999999996,0.507,0.568148077,0.2044,0.23618887364864302,0.19699999999999998,0.24600000000000002,0.086969115,0.06906,0.0733454525470734,0.07400000000000001,0.078,0.801131904,Honduras,-86.6151661,14.82688165
Latvia,Central and Eastern Europe,5.56,5.849999904632571,5.933,5.94,5.9499998089999995,0.63952,0.638566970825195,0.6709999999999999,0.812,0.7779024240000001,0.27996,0.32570791244506797,0.363,0.264,0.329198807,0.17445,0.153074786067009,0.092,0.075,-0.186888844,0.0889,0.0738427266478539,0.066,0.064,0.7955800890000001,Latvia,24.91235983,56.85085163
Ecuador,Latin America and Caribbean,5.976,6.00799989700317,5.973,6.028,5.925199986,0.68613,0.685636222362518,0.736,0.868,0.838837743,0.4027,0.4551981985569,0.556,0.498,0.555234551,0.10074,0.15011246502399403,0.114,0.126,-0.127014965,0.18037,0.140134647488594,0.12,0.087,0.8012151120000001,Ecuador,-78.75201922,-1.42381612
Portugal,Western Europe,5.122999999999999,5.19500017166138,5.41,5.693,5.9109001160000005,0.7936300000000001,0.795843541622162,0.884,0.9990000000000001,0.979315281,0.44727,0.498465299606323,0.562,0.508,0.5898951889999999,0.11690999999999999,0.0951027125120163,0.055,0.047,-0.220714301,0.01521,0.0158694516867399,0.017,0.025,0.8926295040000001,Portugal,-8.50104361,39.59550671
Jamaica,Latin America and Caribbean,5.51,5.31099987030029,5.89,5.89,5.889800072000001,0.5946899999999999,0.6410223841667181,0.693,0.831,0.7884340879999999,0.43596999999999997,0.474307239055634,0.575,0.49,0.553124607,0.22245,0.23381833732128102,0.096,0.107,-0.12510676699999998,0.04294,0.0552677810192108,0.031,0.027999999999999997,0.8888900279999999,Jamaica,-77.31482593,18.15694878
Japan,Eastern Asia,5.921,5.92000007629395,5.915,5.886,5.870800018,0.91491,0.9134758710861209,0.988,1.088,1.072881341,0.46761,0.505625545978546,0.5529999999999999,0.445,0.495465875,0.10224,0.12057276815175999,0.079,0.069,-0.24691034899999997,0.18985,0.163760736584663,0.15,0.14,0.654558063,Japan,138.0308956,37.59230135
Peru,Latin America and Caribbean,5.742999999999999,5.71500015258789,5.662999999999999,5.697,5.796800137000001,0.6299399999999999,0.6301661133766171,0.674,0.8540000000000001,0.824444175,0.37501999999999996,0.45000287890434293,0.53,0.455,0.513210058,0.14527,0.126819714903831,0.092,0.083,-0.16238822,0.05292,0.0470490865409374,0.034,0.027000000000000003,0.8937149640000001,Peru,-74.38242685,-9.15280381
Serbia,Central and Eastern Europe,5.1770000000000005,5.39499998092651,5.398,5.603,5.77820015,0.6458,0.65078467130661,0.685,0.8540000000000001,0.828403294,0.15718,0.20871552824974102,0.28800000000000003,0.282,0.395428419,0.20736999999999997,0.22012588381767298,0.134,0.13699999999999998,-0.073676221,0.04339,0.0409037806093693,0.043,0.039,0.843509018,Serbia,20.78958334,44.2215032
Bolivia,Latin America and Caribbean,5.822,5.82299995422363,5.752000000000001,5.779,5.747499942999999,0.4697,0.47363024950027505,0.508,0.706,0.6624456639999999,0.50961,0.5587329268455511,0.606,0.511,0.5744645,0.21698,0.22556072473526,0.141,0.13699999999999998,-0.09168113,0.07746,0.0604777261614799,0.054000000000000006,0.064,0.8226062059999999,Bolivia,-64.68538645,-16.70814787
Pakistan,Southern Asia,5.132000000000001,5.26900005340576,5.472,5.653,5.69329977,0.40306,0.40204778313636796,0.424,0.535,0.46993324200000003,0.14622000000000002,0.23521526157856,0.33399999999999996,0.313,0.405421734,0.31185,0.31544601917266807,0.21600000000000003,0.22,0.04489987,0.1388,0.12434806674718901,0.113,0.098,0.7457054259999999,Pakistan,69.33957937,29.9497515
Paraguay,Latin America and Caribbean,5.537999999999999,5.493000030517581,5.681,5.742999999999999,5.6921000479999995,0.58295,0.579250693321228,0.615,0.777,0.7358696459999999,0.46235,0.473507791757584,0.541,0.514,0.586510062,0.25296,0.224150657653809,0.162,0.184,0.007997713,0.07396,0.091065913438797,0.07400000000000001,0.08,0.8347885009999999,Paraguay,-58.40013703,-23.22823913
Moldova,Central and Eastern Europe,5.897,5.837999820709231,5.64,5.529,5.607500076,0.5230899999999999,0.5894652009010309,0.62,0.7390000000000001,0.713299453,0.25201999999999997,0.24072904884815197,0.23199999999999998,0.245,0.38957148799999997,0.19997,0.20877912640571603,0.171,0.18100000000000002,-0.037741039,0.019030000000000002,0.0100912861526012,0.0,0.0,0.913314283,Moldova,28.45673372,47.19498804
Tajikistan,Central and Eastern Europe,4.996,5.04099988937378,5.199,5.4670000000000005,5.555699825,0.5311899999999999,0.5292351245880129,0.598,0.718,0.680594802,0.43408,0.47156670689582797,0.292,0.389,0.521141171,0.25998000000000004,0.24899764358997303,0.187,0.23,-0.025088511,0.13509000000000002,0.14637714624404902,0.034,0.14400000000000002,0.5920760629999999,Tajikistan,71.01362631,38.5304539
Montenegro,Central and Eastern Europe,5.1610000000000005,5.23699998855591,5.347,5.523,5.54610014,0.6353300000000001,0.6674646735191351,0.7290000000000001,0.871,0.839028895,0.15111,0.194989055395126,0.259,0.19699999999999998,0.303223848,0.17190999999999998,0.197911024093628,0.111,0.142,-0.075600356,0.12721,0.0881741940975189,0.081,0.08,0.7831215859999999,Montenegro,19.23883939,42.78890259
Russia,Central and Eastern Europe,5.856,5.962999820709231,5.81,5.648,5.546000004,0.58991,0.547349333763123,0.599,0.726,0.68044591,0.32682,0.373783111572266,0.39899999999999997,0.33399999999999996,0.399499595,0.027360000000000002,0.0522638224065304,0.065,0.08199999999999999,-0.151153743,0.03586,0.0329628810286522,0.025,0.031,0.864802599,Russia,96.68656112,61.98052209
Kyrgyzstan,Central and Eastern Europe,5.185,5.0040001869201705,5.131,5.261,5.541500092000001,0.5544899999999999,0.553457796573639,0.594,0.723,0.680645883,0.40212,0.454943388700485,0.54,0.508,0.614617765,0.38432,0.42858037352562,0.281,0.3,0.15477205800000002,0.047619999999999996,0.0394391790032387,0.035,0.023,0.888396084,Kyrgyzstan,74.54165513,41.46221943
Belarus,Central and Eastern Europe,5.8020000000000005,5.5689997673034695,5.483,5.3229999999999995,5.539899826,0.6310399999999999,0.6377142667770389,0.7,0.789,0.75258857,0.29091,0.295400261878967,0.307,0.235,0.29075586800000003,0.13942000000000002,0.15513750910759,0.10099999999999999,0.094,-0.164926544,0.17457,0.156313821673393,0.154,0.142,0.63571167,Belarus,28.03209307,53.53131377
Greece,Western Europe,5.033,5.2270002365112305,5.358,5.287000000000001,5.514999866,0.80029,0.8101989030838009,0.879,0.9990000000000001,0.979431748,0.05822000000000001,0.0957312509417534,0.131,0.067,0.17351634800000001,0.0,0.0,0.0,0.0,-0.30090737300000003,0.04127,0.043289776891470004,0.044000000000000004,0.034,0.8599314090000001,Greece,22.95555794,39.07469623
Croatia,Central and Eastern Europe,5.4879999999999995,5.2930002212524405,5.321000000000001,5.432,5.504700184,0.70524,0.701288521289825,0.737,0.914,0.900575578,0.23906999999999998,0.255772292613983,0.38,0.29600000000000004,0.38145688200000005,0.18434,0.248002976179123,0.12,0.11900000000000001,-0.128538325,0.04002,0.0431031100451946,0.039,0.022000000000000002,0.916495264,Croatia,16.40412899,45.08047631
Libya,Middle East and Northern Africa,5.615,5.525000095367429,5.566,5.525,5.488800049,0.52304,0.520169019699097,0.5529999999999999,0.6729999999999999,0.615626633,0.40671999999999997,0.465733230113983,0.496,0.41600000000000004,0.45135405700000003,0.17087,0.15207366645336198,0.11599999999999999,0.133,-0.085054487,0.10339000000000001,0.0926102101802826,0.14800000000000002,0.152,0.668779135,Libya,18.00866169,27.03094495
Mongolia,Eastern Asia,4.907,4.95499992370605,5.125,5.285,5.4562001229999995,0.55469,0.557783484458923,0.575,0.667,0.6157881620000001,0.35972,0.39414396882057207,0.395,0.317,0.355703115,0.34539000000000003,0.338464230298996,0.253,0.235,0.09809386699999999,0.03285,0.0329022891819477,0.032,0.038,0.863511205,Mongolia,103.0529977,46.82681544
Malaysia,Southeastern Asia,6.005,6.08400011062622,6.322,5.3389999999999995,5.384300232,0.62366,0.618784427642822,0.669,0.828,0.7885118720000001,0.39031,0.40226498246192893,0.35600000000000004,0.508,0.596941531,0.41473999999999994,0.416608929634094,0.311,0.26,0.11472679699999999,0.09081,0.0656007081270218,0.059000000000000004,0.024,0.8393023009999999,Malaysia,109.69762279999999,3.78986846
Vietnam,Southeastern Asia,5.061,5.07399988174438,5.103,5.175,5.353499889,0.66157,0.6521689891815191,0.7020000000000001,0.851,0.819133997,0.5595399999999999,0.571055591106415,0.618,0.5429999999999999,0.650835574,0.25075,0.23496805131435397,0.177,0.147,-0.094533332,0.11556,0.0876332372426987,0.079,0.073,0.79642123,Vietnam,106.29914699999999,16.646016699999997
Indonesia,Southeastern Asia,5.314,5.26200008392334,5.093,5.192,5.285600185,0.49373999999999996,0.49234572052955605,0.522,0.66,0.610437036,0.39237,0.443323463201523,0.5379999999999999,0.491,0.568161428,0.56521,0.611704587936401,0.484,0.498,0.519586504,0.00322,0.0153171354904771,0.018000000000000002,0.027999999999999997,0.876296401,Indonesia,117.24011370000001,-2.21505456
Benin,Sub-Saharan Africa,3.484,3.65700006484985,4.141,4.883,5.21600008,0.21028000000000002,0.20993021130561804,0.24,0.397,0.328062952,0.39747,0.42596277594566295,0.44,0.349,0.40583989,0.2018,0.207948461174965,0.163,0.175,-0.003537213,0.06681000000000001,0.0609290152788162,0.067,0.08199999999999999,0.7405325770000001,Benin,2.32785254,9.6417597
Azerbaijan,Central and Eastern Europe,5.291,5.234000205993651,5.2010000000000005,5.207999999999999,5.164800167,0.54504,0.5407757759094239,0.603,0.769,0.731134057,0.35327,0.39815583825111406,0.43,0.35100000000000003,0.467734724,0.0564,0.0452693402767181,0.031,0.035,-0.24025528100000001,0.17914000000000002,0.180987507104874,0.17600000000000002,0.182,0.55253756,Azerbaijan,47.54599879,40.28827235
Ghana,Sub-Saharan Africa,4.276,4.11999988555908,4.657,4.996,5.1479997630000005,0.29681,0.29563772678375205,0.337,0.486,0.432162255,0.40973000000000004,0.423026293516159,0.499,0.381,0.47729006399999996,0.21203000000000002,0.25692394375801103,0.212,0.245,0.09417085300000001,0.0326,0.0253363698720932,0.028999999999999998,0.04,0.8479647640000001,Ghana,-1.21676566,7.95345644
Nepal,Southern Asia,4.793,4.961999893188481,4.88,4.913,5.137199879,0.50073,0.504130780696869,0.539,0.677,0.66887939,0.37012,0.44030594825744607,0.526,0.439,0.480608255,0.3816,0.39409616589546204,0.302,0.285,0.154168829,0.07007999999999999,0.0729755461215973,0.078,0.08900000000000001,0.7380991579999999,Nepal,83.91582640000001,28.24891365
Turkey,Middle East and Northern Africa,5.388999999999999,5.5,5.483,5.372999999999999,5.131800175,0.64718,0.6376056075096129,0.6859999999999999,0.8079999999999999,0.781335294,0.23889000000000002,0.300740599632263,0.324,0.195,0.25440076,0.04707,0.0466930419206619,0.106,0.083,-0.17104643600000002,0.12347999999999999,0.0996715798974037,0.109,0.106,0.748197377,Turkey,35.16895346,39.0616029
China,Eastern Asia,5.245,5.2729997634887695,5.246,5.191,5.123899937,0.73561,0.741415500640869,0.799,0.893,0.867248535,0.44011999999999996,0.47278770804405196,0.597,0.521,0.6016051170000001,0.049589999999999995,0.0288068410009146,0.028999999999999998,0.057999999999999996,-0.18142575,0.02745,0.0227942746132612,0.10300000000000001,0.1,0.7539710999999999,China,103.8190735,36.56176546
Turkmenistan,Central and Eastern Europe,5.6579999999999995,5.82200002670288,5.636,5.247000000000001,5.119100093999999,0.44006000000000006,0.437726080417633,0.517,0.657,0.6124480370000001,0.37408,0.41827192902565,0.41700000000000004,0.39399999999999996,0.515236676,0.22566999999999998,0.24992498755454998,0.19899999999999998,0.244,0.187671542,0.28467,0.25927034020423895,0.037000000000000005,0.027999999999999997,0.883691847,Turkmenistan,59.37100021,39.11554137
Bulgaria,Central and Eastern Europe,4.217,4.71400022506714,4.933,5.011,5.101500034,0.67806,0.708217680454254,0.7120000000000001,0.815,0.7777768970000001,0.21219000000000002,0.28923171758651695,0.359,0.311,0.417820066,0.12793,0.113177694380283,0.064,0.081,-0.143908441,0.00615,0.0110515309497714,0.009000000000000001,0.004,0.9355851409999999,Bulgaria,25.21552909,42.76890318
Morocco,Middle East and Northern Africa,5.151,5.2350001335144,5.254,5.207999999999999,5.094799995,0.5947100000000001,0.59771066904068,0.669,0.782,0.745096922,0.25645999999999997,0.408158332109451,0.46,0.418,0.45005413899999996,0.040530000000000004,0.0322099551558495,0.026000000000000002,0.036000000000000004,-0.240377247,0.08404,0.0877631828188896,0.07400000000000001,0.076,0.8157246109999999,Morocco,-8.45615795,29.83762955
Cameroon,Sub-Saharan Africa,4.513,4.69500017166138,4.975,5.044,5.084899902,0.12697999999999998,0.132892116904259,0.182,0.331,0.270189553,0.42736,0.430388748645782,0.45399999999999996,0.381,0.43924248200000005,0.2268,0.23629845678806302,0.183,0.187,-0.00149645,0.06126,0.0513066314160824,0.043,0.037000000000000005,0.8513365979999999,Cameroon,12.73964156,5.69109849
Venezuela,Latin America and Caribbean,6.084,5.25,4.806,4.707,5.053199768,0.6190399999999999,0.617144227027893,0.657,0.805,0.76702553,0.19847,0.15399712324142498,0.133,0.154,0.271717221,0.0425,0.0650196298956871,0.055999999999999994,0.064,-0.16909050899999997,0.08304,0.0644911229610443,0.052000000000000005,0.047,0.837038398,Venezuela,-66.18184123,7.12422421
Algeria,Middle East and Northern Africa,6.355,5.872000217437741,5.295,5.211,5.005099773,0.6180399999999999,0.6175846457481379,0.687,0.785,0.745418549,0.21006,0.233335807919502,0.077,0.086,0.083943799,0.07044,0.0694366469979286,0.055,0.073,-0.121105164,0.16157,0.14609611034393302,0.135,0.114,0.7354851370000001,Algeria,2.61732301,28.15893849
Senegal,Sub-Saharan Africa,4.218999999999999,4.53499984741211,4.631,4.681,4.980800152,0.40457,0.409362852573395,0.433,0.5710000000000001,0.518391907,0.31056,0.37792226672172496,0.406,0.292,0.352400899,0.19103,0.183468893170357,0.138,0.153,-0.052335154,0.11681,0.11546044796705199,0.08199999999999999,0.07200000000000001,0.808785141,Senegal,-14.4734924,14.36624173
Guinea,Sub-Saharan Africa,3.6069999999999998,3.50699996948242,3.964,4.534,4.949299812,0.18829,0.194129139184952,0.21100000000000002,0.375,0.333655238,0.30953,0.348587512969971,0.39399999999999996,0.332,0.37187805799999996,0.29914,0.264815092086792,0.185,0.207,0.076328471,0.1192,0.110937617719173,0.094,0.086,0.761794448,Guinea,-10.94066612,10.43621593
Niger,Sub-Saharan Africa,3.8560000000000003,4.02799987792969,4.166,4.628,4.909599781,0.26161999999999996,0.26850500702858,0.221,0.366,0.29881635300000003,0.38040999999999997,0.36365869641304,0.39,0.318,0.435311615,0.2097,0.22867384552955602,0.175,0.188,0.013860817,0.17176,0.13857294619083402,0.099,0.102,0.722530186,Niger,9.38545882,17.41912493
Albania,Central and Eastern Europe,4.655,4.64400005340576,4.586,4.718999999999999,4.882699966000001,0.73007,0.731159746646881,0.79,0.8740000000000001,0.8463296290000001,0.31866,0.381498634815216,0.419,0.38299999999999995,0.461945891,0.1684,0.20131294429302202,0.149,0.17800000000000002,-0.042309489000000006,0.05301,0.0398642159998417,0.032,0.027000000000000003,0.896303713,Albania,20.04983396,41.14244989
Cambodia,Southeastern Asia,3.907,4.1680002212524405,4.433,4.7,4.8484001160000005,0.42494,0.429783403873444,0.457,0.637,0.587904334,0.5885199999999999,0.633375823497772,0.696,0.609,0.674940348,0.40339,0.385922968387604,0.256,0.23199999999999998,0.051911179,0.08092,0.0681059509515762,0.065,0.062,0.8227690459999999,Cambodia,104.9069433,12.72004786
Bangladesh,Southern Asia,4.643,4.60799980163574,4.5,4.456,4.832799911,0.52989,0.533241033554077,0.579,0.723,0.694940507,0.39778,0.478356659412384,0.58,0.527,0.604130566,0.19132000000000002,0.17225535213947304,0.153,0.166,-0.033664726,0.12583,0.123717859387398,0.14400000000000002,0.14300000000000002,0.661843538,Bangladesh,90.23812743,23.86731158
Gabon,Sub-Saharan Africa,4.121,4.46500015258789,4.758,4.7989999999999995,4.829299927,0.3494,0.35657858848571794,0.40399999999999997,0.5710000000000001,0.522574842,0.28098,0.31232857704162603,0.35600000000000004,0.295,0.36945989700000004,0.062439999999999996,0.0437853783369064,0.032,0.043,-0.22226162300000002,0.09314,0.0760467872023582,0.052000000000000005,0.055,0.8491509559999999,Gabon,11.7886287,-0.58660025
South Africa,Sub-Saharan Africa,4.459,4.8289999961853,4.724,4.7219999999999995,4.814099789,0.18611,0.18708007037639604,0.33,0.469,0.407034069,0.42483000000000004,0.479246735572815,0.516,0.389,0.43478182,0.13656,0.13936237990856198,0.10300000000000001,0.13,-0.10977732400000001,0.08415,0.0725094974040985,0.055999999999999994,0.055,0.843423843,South Africa,25.08390093,-29.00034095
Iraq,Middle East and Northern Africa,4.575,4.49700021743774,4.456,4.437,4.7848000530000006,0.51076,0.501180469989777,0.536,0.574,0.529350698,0.24856,0.288555532693863,0.304,0.24100000000000002,0.283588052,0.19589,0.19963726401329,0.14800000000000002,0.14800000000000002,-0.06956476,0.13635999999999998,0.10721575468778599,0.095,0.08900000000000001,0.82226181,Iraq,43.74353149,33.03970582
Lebanon,Middle East and Northern Africa,5.129,5.22499990463257,5.358,5.197,4.771500111,0.76171,0.7350810766220089,0.785,0.815,0.7886711359999999,0.26228,0.28851598501205394,0.503,0.21600000000000003,0.18551667,0.23693000000000003,0.26445075869560203,0.214,0.166,-0.06121527,0.030610000000000002,0.037513829767704,0.136,0.027000000000000003,0.90225625,Lebanon,35.88016072,33.92306631
Burkina Faso,Sub-Saharan Africa,3.739,4.03200006484985,4.4239999999999995,4.587,4.768700123,0.21297,0.21584425866603896,0.254,0.38,0.312833875,0.3337,0.32436785101890603,0.312,0.255,0.322398156,0.24353000000000002,0.250864684581757,0.175,0.177,-0.019080516000000002,0.12533,0.12032810598611803,0.128,0.113,0.739795029,Burkina Faso,-1.75456601,12.26953846
Mali,Sub-Saharan Africa,4.073,4.19000005722046,4.447,4.39,4.729300021999999,0.16347,0.16936567425727803,0.152,0.308,0.234981522,0.27544,0.306613743305206,0.36700000000000005,0.327,0.377534449,0.21064000000000002,0.183354198932648,0.139,0.153,-0.044366925999999994,0.13647,0.10497024655342098,0.055999999999999994,0.052000000000000005,0.839328408,Mali,-3.54269065,17.34581581
Nigeria,Sub-Saharan Africa,4.875,5.07399988174438,5.155,5.265,4.724100113,0.05108,0.0569157302379608,0.048,0.245,0.16783593600000002,0.27854,0.394952565431595,0.462,0.426,0.435079455,0.23219,0.23094719648361198,0.201,0.215,0.033745807,0.0305,0.0261215660721064,0.032,0.040999999999999995,0.861874342,Nigeria,8.08943895,9.59411452
Armenia,Central and Eastern Europe,4.36,4.37599992752075,4.321000000000001,4.559,4.676799774,0.64083,0.637524425983429,0.6659999999999999,0.815,0.77585727,0.14037,0.198303267359734,0.26,0.28300000000000003,0.37807580799999996,0.07793,0.0834880918264389,0.077,0.095,-0.13877961,0.036160000000000005,0.0266744215041399,0.027999999999999997,0.064,0.7735447879999999,Armenia,44.92993276,40.28952569
Georgia,Central and Eastern Europe,4.252,4.28599977493286,4.34,4.519,4.672599792,0.64035,0.649546980857849,0.643,0.752,0.6946576240000001,0.32461,0.309410035610199,0.375,0.34600000000000003,0.485494107,0.06786,0.0540088154375553,0.038,0.043,-0.22892037,0.3188,0.25166663527488703,0.215,0.16399999999999998,0.665944695,Georgia,43.50780252,42.16855755
Iran,Middle East and Northern Africa,4.813,4.69199991226196,4.707,4.548,4.672399998,0.64232,0.639333188533783,0.691,0.785,0.749053836,0.22544,0.24932260811328896,0.45899999999999996,0.305,0.301195472,0.38538,0.387242913246155,0.282,0.27,0.11789110300000001,0.0557,0.048761073499918005,0.129,0.125,0.714635968,Iran,54.27407004,32.57503292
Jordan,Middle East and Northern Africa,5.303,5.33599996566772,5.1610000000000005,4.906000000000001,4.6333999630000005,0.60712,0.6045900583267211,0.645,0.815,0.777624726,0.36023,0.418421149253845,0.46799999999999997,0.38299999999999995,0.42485508299999997,0.14262,0.17217046022415197,0.13,0.11,-0.162565202,0.13297,0.11980327218771002,0.134,0.13,0.700344324,Jordan,36.77136104,31.24579091
Kenya,Sub-Saharan Africa,4.356,4.55299997329712,4.41,4.5089999999999995,4.583000183,0.30146999999999996,0.30998834967613204,0.45399999999999996,0.581,0.536312759,0.40576,0.45276376605033897,0.504,0.431,0.519180536,0.41328000000000004,0.444860309362411,0.35200000000000004,0.37200000000000005,0.294681519,0.06686,0.0646413192152977,0.055,0.053,0.831499159,Kenya,37.79593973,0.59988022
Namibia,Sub-Saharan Africa,4.574,4.57399988174438,4.441,4.638999999999999,4.571100235,0.34745,0.33861181139946,0.365,0.47700000000000004,0.40687117,0.48613999999999996,0.520303547382355,0.519,0.401,0.44459897299999995,0.07795,0.0771337449550629,0.051,0.07,-0.18530646,0.10397999999999999,0.0931469723582268,0.064,0.055999999999999994,0.8514497879999999,Namibia,17.20963567,-22.13032568
Ukraine,Central and Eastern Europe,4.324,4.09600019454956,4.103,4.332,4.56069994,0.58628,0.575903952121735,0.609,0.7390000000000001,0.6986743809999999,0.12859,0.12297477573156401,0.163,0.17800000000000002,0.319423705,0.20363,0.270061463117599,0.187,0.187,-0.030933706000000002,0.01829,0.0230294708162546,0.011000000000000001,0.01,0.920636714,Ukraine,31.38326469,48.99656673
Liberia,Sub-Saharan Africa,3.622,3.5329999923706095,3.495,3.975,4.557899952,0.23165,0.229918196797371,0.267,0.44299999999999995,0.392284274,0.25748000000000004,0.33288118243217496,0.419,0.37,0.405943096,0.24063,0.26654988527298,0.20600000000000002,0.233,0.04227322,0.04852,0.0389482490718365,0.03,0.033,0.8563759329999999,Liberia,-9.32207573,6.45278492
Uganda,Sub-Saharan Africa,3.739,4.08099985122681,4.1610000000000005,4.189,4.43200016,0.19625,0.21763260662555703,0.237,0.44299999999999995,0.378311664,0.43653000000000003,0.443185955286026,0.45,0.35600000000000004,0.401682556,0.27102,0.32576605677604703,0.259,0.252,0.099487431,0.06442,0.057069718837738,0.061,0.06,0.8367378120000001,Uganda,32.36907971,1.27469299
Chad,Sub-Saharan Africa,3.763,3.9360001087188703,4.301,4.35,4.422699928,0.038239999999999996,0.0411347150802612,0.053,0.192,0.1087441,0.12807000000000002,0.16234202682972002,0.18899999999999997,0.174,0.22860176899999998,0.18667,0.21611385047435802,0.18100000000000002,0.198,0.017834719,0.04952,0.0535818822681904,0.06,0.078,0.8027608390000001,Chad,18.64492513,15.33333758
Tunisia,Middle East and Northern Africa,5.045,4.80499982833862,4.592,4.461,4.392199993,0.59577,0.613212049007416,0.69,0.815,0.781156719,0.23553000000000002,0.289680689573288,0.271,0.16699999999999998,0.23586055600000003,0.03936,0.0496933571994305,0.04,0.059000000000000004,-0.216413811,0.0817,0.0867231488227844,0.063,0.055,0.867590249,Tunisia,9.55288359,34.11956246
Mauritania,Sub-Saharan Africa,4.2010000000000005,4.29199981689453,4.356,4.49,4.374599934,0.28639000000000003,0.285349279642105,0.292,0.489,0.425184816,0.1268,0.0960980430245399,0.129,0.066,0.185714483,0.22685999999999998,0.201870024204254,0.134,0.106,-0.10600814199999999,0.17955,0.136957004666328,0.09300000000000001,0.08800000000000001,0.746223509,Mauritania,-10.34779815,20.25736706
Sri Lanka,Southern Asia,4.415,4.44000005722046,4.471,4.3660000000000005,4.327000141,0.62007,0.625130832195282,0.672,0.831,0.792036712,0.50817,0.561213254928589,0.585,0.47,0.528632462,0.46978000000000003,0.49086356163024897,0.307,0.244,0.081129618,0.07964,0.0736539661884308,0.05,0.047,0.859001756,Sri Lanka,80.70108238,7.61266509
Myanmar,Southeastern Asia,4.395,4.54500007629395,4.308,4.36,4.308000088,0.3988,0.397522568702698,0.429,0.555,0.49544307600000004,0.42691999999999997,0.514492034912109,0.58,0.525,0.5974788670000001,0.81971,0.8380751609802249,0.598,0.5660000000000001,0.560663998,0.20243,0.188816204667091,0.17800000000000002,0.172,0.645124316,Myanmar,96.48843321,21.18566599
Togo,Sub-Saharan Africa,3.303,3.4949998855590803,3.9989999999999997,4.085,4.187200069,0.24811,0.247105568647385,0.253,0.41,0.34273117799999997,0.34678000000000003,0.38042613863945,0.434,0.293,0.303539038,0.17517,0.19689615070819896,0.158,0.177,0.002667875,0.11587,0.0956650152802467,0.10099999999999999,0.085,0.7577334640000001,Togo,0.96232845,8.52531356
Ethiopia,Sub-Saharan Africa,4.508,4.46000003814697,4.35,4.2860000000000005,4.186200142,0.34578000000000003,0.35340970754623396,0.391,0.532,0.483846247,0.36703,0.408842742443085,0.452,0.344,0.41256687,0.29522,0.31265074014663696,0.22,0.209,0.043377332000000005,0.1717,0.16545571386814098,0.146,0.1,0.7536900040000001,Ethiopia,39.60080098,8.62278679
Madagascar,Sub-Saharan Africa,3.695,3.64400005340576,3.7739999999999996,3.9330000000000003,4.165599823,0.37109000000000003,0.375223308801651,0.402,0.555,0.500617027,0.13684000000000002,0.18919676542282102,0.221,0.14800000000000002,0.192967549,0.2204,0.208732530474663,0.155,0.16899999999999998,-0.011823638999999999,0.07506,0.0672319754958153,0.049,0.040999999999999995,0.8174856309999999,Madagascar,46.70473674,-19.37189587
Egypt,Middle East and Northern Africa,4.362,4.7350001335144,4.419,4.166,4.151400089,0.5211600000000001,0.520187258720398,0.5529999999999999,0.644,0.596911311,0.18847,0.28211015462875394,0.312,0.24100000000000002,0.37368473399999996,0.12705999999999998,0.128631442785263,0.092,0.076,-0.196878314,0.10393,0.114381365478039,0.107,0.067,0.787726879,Egypt,29.86190099,26.49593311
Sierra Leone,Sub-Saharan Africa,4.635,4.70900011062622,4.571000000000001,4.374,3.926399946,0.0,0.005564753897488121,0.0,0.242,0.20395396600000001,0.30685,0.318697690963745,0.355,0.309,0.38202768600000003,0.23897,0.293040901422501,0.23800000000000002,0.252,0.088660747,0.08196,0.0710951760411263,0.053,0.045,0.861330688,Sierra Leone,-11.79271247,8.56329593
Burundi,Sub-Saharan Africa,2.905,2.90499997138977,2.905,3.775,3.775300026,0.15747,0.151610791683197,0.145,0.38,0.295212835,0.0432,0.0599007532000542,0.065,0.22,0.275399059,0.2029,0.20443518459796897,0.149,0.17600000000000002,-0.017551597,0.09419,0.0841479450464249,0.076,0.18,0.606934547,Burundi,29.87512156,-3.35939666
Zambia,Sub-Saharan Africa,4.795,4.513999938964839,4.377,4.107,3.759399891,0.23573000000000002,0.25783589482307395,0.295,0.426,0.36359334,0.42662,0.461603492498398,0.503,0.431,0.49131754,0.17865999999999999,0.249580144882202,0.221,0.247,0.078037128,0.11479,0.0782135501503944,0.08199999999999999,0.087,0.801289678,Zambia,27.77475946,-13.45824152
Haiti,Latin America and Caribbean,4.0280000000000005,3.6029999256133998,3.582,3.597,3.720799923,0.27494,0.277321130037308,0.289,0.449,0.37436673,0.12072000000000001,0.0303698573261499,0.025,0.026000000000000002,0.169297516,0.47958,0.48920378088951094,0.392,0.419,0.40053457,0.14476,0.0998721495270729,0.10400000000000001,0.11,0.6847672459999999,Haiti,-72.68527509,18.93502563
India,Southern Asia,4.404,4.31500005722046,4.19,4.015,3.573299885,0.45091000000000003,0.455427616834641,0.485,0.588,0.54057014,0.40285,0.469987004995346,0.539,0.498,0.5811422470000001,0.25028,0.23153848946094502,0.172,0.2,0.057551607000000005,0.08722,0.0922268852591515,0.09300000000000001,0.085,0.772042692,India,79.61197609999999,22.88578212
Malawi,Sub-Saharan Africa,4.156000000000001,3.97000002861023,3.5869999999999997,3.41,3.538000107,0.29364,0.315089583396912,0.306,0.495,0.446163297,0.4143,0.466914653778076,0.531,0.44299999999999995,0.487389833,0.30968,0.28717046976089505,0.21,0.218,0.021433279,0.07564,0.0727116540074348,0.08,0.08900000000000001,0.731700778,Malawi,34.28935599,-13.21808088
Yemen,Middle East and Northern Africa,3.7239999999999998,3.59299993515015,3.355,3.38,3.5274000169999997,0.31048000000000003,0.310080915689468,0.34299999999999997,0.46299999999999997,0.41500017,0.2287,0.24946372210979503,0.244,0.14300000000000002,0.243721485,0.09821,0.104125209152699,0.083,0.10800000000000001,-0.157735437,0.05892000000000001,0.0567674227058887,0.064,0.077,0.800287724,Yemen,47.58676189,15.90928005
Botswana,Sub-Saharan Africa,3.9739999999999998,3.7660000324249303,3.59,3.488,3.4788999560000002,0.34752,0.34175550937652605,0.41700000000000004,0.5379999999999999,0.494101733,0.44088999999999995,0.505196332931519,0.557,0.455,0.50908941,0.12425,0.0993484482169151,0.042,0.025,-0.250394493,0.10769000000000001,0.0985831990838051,0.092,0.1,0.777930915,Botswana,23.79853368,-22.18403213
Tanzania,Sub-Saharan Africa,3.6660000000000004,3.34899997711182,3.303,3.2310000000000003,3.4762001039999997,0.35700000000000004,0.364509284496307,0.381,0.499,0.442677855,0.3176,0.390017777681351,0.48100000000000004,0.41700000000000004,0.5093430879999999,0.31472,0.354256361722946,0.27,0.276,0.10966868699999999,0.05099,0.0660351067781448,0.09699999999999999,0.147,0.619799435,Tanzania,34.81309981,-6.27565408
Rwanda,Sub-Saharan Africa,3.515,3.47099995613098,3.408,3.3339999999999996,3.312299967,0.31865,0.326424807310104,0.4,0.614,0.572383285,0.5432,0.5818438529968261,0.636,0.555,0.604087889,0.23551999999999998,0.25275602936744695,0.2,0.217,0.055483952,0.50521,0.455220013856888,0.444,0.41100000000000003,0.183541179,Rwanda,29.91988515,-1.99033832
Zimbabwe,Sub-Saharan Africa,4.1930000000000005,3.875,3.6919999999999997,3.6630000000000003,3.2992000580000003,0.1595,0.19676375389099102,0.248,0.433,0.375037611,0.25429,0.336384207010269,0.406,0.361,0.37740472,0.18503,0.189143493771553,0.132,0.151,-0.072063953,0.08582000000000001,0.0953753814101219,0.099,0.08900000000000001,0.81023699,Zimbabwe,29.8514412,-19.00420419
Afghanistan,Southern Asia,3.36,3.7939999103546103,3.6319999999999997,3.2030000000000003,2.566900015,0.17344,0.18074677884578697,0.255,0.361,0.266051531,0.1643,0.106179520487785,0.085,0.0,0.0,0.31268,0.311870932579041,0.191,0.158,-0.0964294,0.07112,0.0611578300595284,0.036000000000000004,0.025,0.9336865540000001,Afghanistan,66.00473366,33.83523073
